function_index,prompt,sample_index,code_segment,Size,Min,Average,Max,Exception
0_p9_auto_countfrequency_strategy,"""How to count the frequency of the elements in an unordered list? The implementation should be fast. The implementation should be in a function named funcImp that takes a single list of integers as a parameter.""",1,['def funcImp(lst):\n    freq = {}\n    for i in lst:\n        if i in freq:\n            freq[i] += 1\n        else:\n            freq[i] = 1\n    return freq'],1000,0.004560299999866402,0.004756640999949014,0.005589100001088809,N/A
0_p9_auto_countfrequency_strategy,"""How to count the frequency of the elements in an unordered list? The implementation should be fast. The implementation should be in a function named funcImp that takes a single list of integers as a parameter.""",1,['def funcImp(lst):\n    freq = {}\n    for i in lst:\n        if i in freq:\n            freq[i] += 1\n        else:\n            freq[i] = 1\n    return freq'],10000,0.04969340000025113,0.051029585000287626,0.05238420000023325,N/A
0_p9_auto_countfrequency_strategy,"""How to count the frequency of the elements in an unordered list? The implementation should be fast. The implementation should be in a function named funcImp that takes a single list of integers as a parameter.""",1,['def funcImp(lst):\n    freq = {}\n    for i in lst:\n        if i in freq:\n            freq[i] += 1\n        else:\n            freq[i] = 1\n    return freq'],100000,0.8410757000019657,0.8866316850001749,1.3652461000019684,N/A
0_p9_auto_countfrequency_strategy,"""How to count the frequency of the elements in an unordered list? The implementation should be fast. The implementation should be in a function named funcImp that takes a single list of integers as a parameter.""",2,['from collections import Counter\n\ndef funcImp(lst):\n    count = Counter(lst)\n    return count'],1000,0.002496400000381982,0.0026894059996993747,0.002991399996972177,N/A
0_p9_auto_countfrequency_strategy,"""How to count the frequency of the elements in an unordered list? The implementation should be fast. The implementation should be in a function named funcImp that takes a single list of integers as a parameter.""",2,['from collections import Counter\n\ndef funcImp(lst):\n    count = Counter(lst)\n    return count'],10000,0.030400100000406383,0.031601736999873536,0.03399649999846588,N/A
0_p9_auto_countfrequency_strategy,"""How to count the frequency of the elements in an unordered list? The implementation should be fast. The implementation should be in a function named funcImp that takes a single list of integers as a parameter.""",2,['from collections import Counter\n\ndef funcImp(lst):\n    count = Counter(lst)\n    return count'],100000,0.6245702999985951,0.6515148640002372,0.7301482000002579,N/A
0_p9_auto_countfrequency_strategy,"""How to count the frequency of the elements in an unordered list? The implementation should be fast. The implementation should be in a function named funcImp that takes a single list of integers as a parameter.""",3,['def funcImp(lst):\n    freq = {}\n    for i in lst:\n        if i in freq:\n            freq[i] += 1\n        else:\n            freq[i] = 1\n    return freq'],1000,0.004442900000867667,0.004750228999728279,0.005508500002179062,N/A
0_p9_auto_countfrequency_strategy,"""How to count the frequency of the elements in an unordered list? The implementation should be fast. The implementation should be in a function named funcImp that takes a single list of integers as a parameter.""",3,['def funcImp(lst):\n    freq = {}\n    for i in lst:\n        if i in freq:\n            freq[i] += 1\n        else:\n            freq[i] = 1\n    return freq'],10000,0.04995290000078967,0.05145224999992934,0.06681530000059865,N/A
0_p9_auto_countfrequency_strategy,"""How to count the frequency of the elements in an unordered list? The implementation should be fast. The implementation should be in a function named funcImp that takes a single list of integers as a parameter.""",3,['def funcImp(lst):\n    freq = {}\n    for i in lst:\n        if i in freq:\n            freq[i] += 1\n        else:\n            freq[i] = 1\n    return freq'],100000,0.8557803000003332,0.8733269939999445,0.8982797999997274,N/A
0_p9_auto_countfrequency_strategy,"""How to count the frequency of the elements in an unordered list? The implementation should be fast. The implementation should be in a function named funcImp that takes a single list of integers as a parameter.""",4,"['def funcImp(lst):\n    freq = {}\n    for elem in lst:\n        freq[elem] = freq.get(elem, 0) + 1\n    return freq']",1000,0.005871400000614813,0.006158269000152359,0.008809700000711018,N/A
0_p9_auto_countfrequency_strategy,"""How to count the frequency of the elements in an unordered list? The implementation should be fast. The implementation should be in a function named funcImp that takes a single list of integers as a parameter.""",4,"['def funcImp(lst):\n    freq = {}\n    for elem in lst:\n        freq[elem] = freq.get(elem, 0) + 1\n    return freq']",10000,0.06298569999853498,0.06514878300004057,0.07043150000026799,N/A
0_p9_auto_countfrequency_strategy,"""How to count the frequency of the elements in an unordered list? The implementation should be fast. The implementation should be in a function named funcImp that takes a single list of integers as a parameter.""",4,"['def funcImp(lst):\n    freq = {}\n    for elem in lst:\n        freq[elem] = freq.get(elem, 0) + 1\n    return freq']",100000,0.9759281000006013,0.9988292790002015,1.0891606000004685,N/A
0_p9_auto_countfrequency_strategy,"""How to count the frequency of the elements in an unordered list? The implementation should be fast. The implementation should be in a function named funcImp that takes a single list of integers as a parameter.""",5,['def funcImp(arr):\n    freq = {}\n    for num in arr:\n        if num in freq:\n            freq[num] += 1\n        else:\n            freq[num] = 1\n    return freq'],1000,0.004470100000617094,0.0047059670000453475,0.005041300002631033,N/A
0_p9_auto_countfrequency_strategy,"""How to count the frequency of the elements in an unordered list? The implementation should be fast. The implementation should be in a function named funcImp that takes a single list of integers as a parameter.""",5,['def funcImp(arr):\n    freq = {}\n    for num in arr:\n        if num in freq:\n            freq[num] += 1\n        else:\n            freq[num] = 1\n    return freq'],10000,0.049714500000845874,0.05189682799984439,0.0651968999991368,N/A
0_p9_auto_countfrequency_strategy,"""How to count the frequency of the elements in an unordered list? The implementation should be fast. The implementation should be in a function named funcImp that takes a single list of integers as a parameter.""",5,['def funcImp(arr):\n    freq = {}\n    for num in arr:\n        if num in freq:\n            freq[num] += 1\n        else:\n            freq[num] = 1\n    return freq'],100000,0.8521858999993128,0.8752955900000597,0.9273904000001494,N/A
0_p9_auto_countfrequency_strategy,"""How to count the frequency of the elements in an unordered list? The implementation should be fast. The implementation should be in a function named funcImp that takes a single list of integers as a parameter.""",6,['def funcImp(lst):\n    freq = {}\n    for num in lst:\n        if num in freq:\n            freq[num] += 1\n        else:\n            freq[num] = 1\n    return freq'],1000,0.00457539999842993,0.004763275000259455,0.005124900002556387,N/A
0_p9_auto_countfrequency_strategy,"""How to count the frequency of the elements in an unordered list? The implementation should be fast. The implementation should be in a function named funcImp that takes a single list of integers as a parameter.""",6,['def funcImp(lst):\n    freq = {}\n    for num in lst:\n        if num in freq:\n            freq[num] += 1\n        else:\n            freq[num] = 1\n    return freq'],10000,0.04999180000231718,0.05193227300005674,0.07156599999871105,N/A
0_p9_auto_countfrequency_strategy,"""How to count the frequency of the elements in an unordered list? The implementation should be fast. The implementation should be in a function named funcImp that takes a single list of integers as a parameter.""",6,['def funcImp(lst):\n    freq = {}\n    for num in lst:\n        if num in freq:\n            freq[num] += 1\n        else:\n            freq[num] = 1\n    return freq'],100000,0.8585824000001594,0.8783636610000031,0.9270356999986689,N/A
0_p9_auto_countfrequency_strategy,"""How to count the frequency of the elements in an unordered list? The implementation should be fast. The implementation should be in a function named funcImp that takes a single list of integers as a parameter.""",7,['def funcImp(lst):\n    freq_dict = {}\n    for elem in lst:\n        if elem in freq_dict:\n            freq_dict[elem] += 1\n        else:\n            freq_dict[elem] = 1\n    return freq_dict'],1000,0.0044589999997697305,0.004769654999981867,0.006512699997983873,N/A
0_p9_auto_countfrequency_strategy,"""How to count the frequency of the elements in an unordered list? The implementation should be fast. The implementation should be in a function named funcImp that takes a single list of integers as a parameter.""",7,['def funcImp(lst):\n    freq_dict = {}\n    for elem in lst:\n        if elem in freq_dict:\n            freq_dict[elem] += 1\n        else:\n            freq_dict[elem] = 1\n    return freq_dict'],10000,0.049813800000265473,0.05130736000010074,0.056909499999164836,N/A
0_p9_auto_countfrequency_strategy,"""How to count the frequency of the elements in an unordered list? The implementation should be fast. The implementation should be in a function named funcImp that takes a single list of integers as a parameter.""",7,['def funcImp(lst):\n    freq_dict = {}\n    for elem in lst:\n        if elem in freq_dict:\n            freq_dict[elem] += 1\n        else:\n            freq_dict[elem] = 1\n    return freq_dict'],100000,0.8493291000013414,0.8693156849996012,0.9066005000022415,N/A
0_p9_auto_countfrequency_strategy,"""How to count the frequency of the elements in an unordered list? The implementation should be fast. The implementation should be in a function named funcImp that takes a single list of integers as a parameter.""",8,['def funcImp(lst):\n    freq = {}\n    for num in lst:\n        if num in freq:\n            freq[num] += 1\n        else:\n            freq[num] = 1\n    return freq'],1000,0.004544899999018526,0.004773711999987427,0.006065499997930601,N/A
0_p9_auto_countfrequency_strategy,"""How to count the frequency of the elements in an unordered list? The implementation should be fast. The implementation should be in a function named funcImp that takes a single list of integers as a parameter.""",8,['def funcImp(lst):\n    freq = {}\n    for num in lst:\n        if num in freq:\n            freq[num] += 1\n        else:\n            freq[num] = 1\n    return freq'],10000,0.04946300000301562,0.05138518900024792,0.0544547000026796,N/A
0_p9_auto_countfrequency_strategy,"""How to count the frequency of the elements in an unordered list? The implementation should be fast. The implementation should be in a function named funcImp that takes a single list of integers as a parameter.""",8,['def funcImp(lst):\n    freq = {}\n    for num in lst:\n        if num in freq:\n            freq[num] += 1\n        else:\n            freq[num] = 1\n    return freq'],100000,0.8560262999999395,0.876944484999658,0.9848516999991261,N/A
0_p9_auto_countfrequency_strategy,"""How to count the frequency of the elements in an unordered list? The implementation should be fast. The implementation should be in a function named funcImp that takes a single list of integers as a parameter.""",9,['def funcImp(lst):\n    freq_dict = {}\n    for item in lst:\n        if item in freq_dict:\n            freq_dict[item] += 1\n        else:\n            freq_dict[item] = 1\n    return freq_dict'],1000,0.00438650000069174,0.004834032999788178,0.006350700001348741,N/A
0_p9_auto_countfrequency_strategy,"""How to count the frequency of the elements in an unordered list? The implementation should be fast. The implementation should be in a function named funcImp that takes a single list of integers as a parameter.""",9,['def funcImp(lst):\n    freq_dict = {}\n    for item in lst:\n        if item in freq_dict:\n            freq_dict[item] += 1\n        else:\n            freq_dict[item] = 1\n    return freq_dict'],10000,0.04940750000241678,0.050919339999963995,0.05257979999805684,N/A
0_p9_auto_countfrequency_strategy,"""How to count the frequency of the elements in an unordered list? The implementation should be fast. The implementation should be in a function named funcImp that takes a single list of integers as a parameter.""",9,['def funcImp(lst):\n    freq_dict = {}\n    for item in lst:\n        if item in freq_dict:\n            freq_dict[item] += 1\n        else:\n            freq_dict[item] = 1\n    return freq_dict'],100000,0.8486769000010099,0.8714410820001285,0.9015935999996145,N/A
0_p9_auto_countfrequency_strategy,"""How to count the frequency of the elements in an unordered list? The implementation should be fast. The implementation should be in a function named funcImp that takes a single list of integers as a parameter.""",10,['from collections import Counter\n\ndef funcImp(lst):\n    return Counter(lst)'],1000,0.0025535000022500753,0.0026972279999972672,0.0030387000006157905,N/A
0_p9_auto_countfrequency_strategy,"""How to count the frequency of the elements in an unordered list? The implementation should be fast. The implementation should be in a function named funcImp that takes a single list of integers as a parameter.""",10,['from collections import Counter\n\ndef funcImp(lst):\n    return Counter(lst)'],10000,0.03026470000258996,0.03148399100005918,0.03294040000037057,N/A
0_p9_auto_countfrequency_strategy,"""How to count the frequency of the elements in an unordered list? The implementation should be fast. The implementation should be in a function named funcImp that takes a single list of integers as a parameter.""",10,['from collections import Counter\n\ndef funcImp(lst):\n    return Counter(lst)'],100000,0.6301573999990069,0.6511618459999954,0.6705529999999271,N/A
1_p9_auto_countfrequency_strategy,"""How to count the frequency of the elements in an unordered list? The implementation should be fast as the size of the list grows. The implementation should be in a function named funcImp that takes a single list of integers as a parameter.""",1,['def funcImp(lst):\n    freq = {}\n    for num in lst:\n        if num in freq:\n            freq[num] += 1\n        else:\n            freq[num] = 1\n    return freq'],1000,0.00463099999979022,0.004811395999968227,0.006596399998670677,N/A
1_p9_auto_countfrequency_strategy,"""How to count the frequency of the elements in an unordered list? The implementation should be fast as the size of the list grows. The implementation should be in a function named funcImp that takes a single list of integers as a parameter.""",1,['def funcImp(lst):\n    freq = {}\n    for num in lst:\n        if num in freq:\n            freq[num] += 1\n        else:\n            freq[num] = 1\n    return freq'],10000,0.049951100001635496,0.05123009800012369,0.05354839999927208,N/A
1_p9_auto_countfrequency_strategy,"""How to count the frequency of the elements in an unordered list? The implementation should be fast as the size of the list grows. The implementation should be in a function named funcImp that takes a single list of integers as a parameter.""",1,['def funcImp(lst):\n    freq = {}\n    for num in lst:\n        if num in freq:\n            freq[num] += 1\n        else:\n            freq[num] = 1\n    return freq'],100000,0.8527355999976862,0.8757208509997872,0.9399171999975806,N/A
1_p9_auto_countfrequency_strategy,"""How to count the frequency of the elements in an unordered list? The implementation should be fast as the size of the list grows. The implementation should be in a function named funcImp that takes a single list of integers as a parameter.""",2,['def funcImp(lst):\n    freq_dict = {}\n    for num in lst:\n        if num in freq_dict:\n            freq_dict[num] += 1\n        else:\n            freq_dict[num] = 1\n    return freq_dict'],1000,0.004564899998513283,0.004823403000009421,0.005402199996751733,N/A
1_p9_auto_countfrequency_strategy,"""How to count the frequency of the elements in an unordered list? The implementation should be fast as the size of the list grows. The implementation should be in a function named funcImp that takes a single list of integers as a parameter.""",2,['def funcImp(lst):\n    freq_dict = {}\n    for num in lst:\n        if num in freq_dict:\n            freq_dict[num] += 1\n        else:\n            freq_dict[num] = 1\n    return freq_dict'],10000,0.050457000001188135,0.051706424000149125,0.05660859999989043,N/A
1_p9_auto_countfrequency_strategy,"""How to count the frequency of the elements in an unordered list? The implementation should be fast as the size of the list grows. The implementation should be in a function named funcImp that takes a single list of integers as a parameter.""",2,['def funcImp(lst):\n    freq_dict = {}\n    for num in lst:\n        if num in freq_dict:\n            freq_dict[num] += 1\n        else:\n            freq_dict[num] = 1\n    return freq_dict'],100000,0.8493460999998206,0.8790013319998979,1.2114120000005641,N/A
1_p9_auto_countfrequency_strategy,"""How to count the frequency of the elements in an unordered list? The implementation should be fast as the size of the list grows. The implementation should be in a function named funcImp that takes a single list of integers as a parameter.""",3,['def funcImp(lst):\n    freq = {}\n    for elem in lst:\n        if elem in freq:\n            freq[elem] += 1\n        else:\n            freq[elem] = 1\n    return freq'],1000,0.004543400002148701,0.004776876000214543,0.005598700001428369,N/A
1_p9_auto_countfrequency_strategy,"""How to count the frequency of the elements in an unordered list? The implementation should be fast as the size of the list grows. The implementation should be in a function named funcImp that takes a single list of integers as a parameter.""",3,['def funcImp(lst):\n    freq = {}\n    for elem in lst:\n        if elem in freq:\n            freq[elem] += 1\n        else:\n            freq[elem] = 1\n    return freq'],10000,0.05028890000176034,0.05169578800007003,0.07334789999731584,N/A
1_p9_auto_countfrequency_strategy,"""How to count the frequency of the elements in an unordered list? The implementation should be fast as the size of the list grows. The implementation should be in a function named funcImp that takes a single list of integers as a parameter.""",3,['def funcImp(lst):\n    freq = {}\n    for elem in lst:\n        if elem in freq:\n            freq[elem] += 1\n        else:\n            freq[elem] = 1\n    return freq'],100000,0.8447162000011303,0.8681405339999765,0.9038676999989548,N/A
1_p9_auto_countfrequency_strategy,"""How to count the frequency of the elements in an unordered list? The implementation should be fast as the size of the list grows. The implementation should be in a function named funcImp that takes a single list of integers as a parameter.""",4,['def funcImp(lst):\n    freq = {}\n    for num in lst:\n        if num in freq:\n            freq[num] += 1\n        else:\n            freq[num] = 1\n    return freq'],1000,0.004534800002147676,0.004753096000240475,0.005018399999244139,N/A
1_p9_auto_countfrequency_strategy,"""How to count the frequency of the elements in an unordered list? The implementation should be fast as the size of the list grows. The implementation should be in a function named funcImp that takes a single list of integers as a parameter.""",4,['def funcImp(lst):\n    freq = {}\n    for num in lst:\n        if num in freq:\n            freq[num] += 1\n        else:\n            freq[num] = 1\n    return freq'],10000,0.04985149999993155,0.05151601199988363,0.061504199999035336,N/A
1_p9_auto_countfrequency_strategy,"""How to count the frequency of the elements in an unordered list? The implementation should be fast as the size of the list grows. The implementation should be in a function named funcImp that takes a single list of integers as a parameter.""",4,['def funcImp(lst):\n    freq = {}\n    for num in lst:\n        if num in freq:\n            freq[num] += 1\n        else:\n            freq[num] = 1\n    return freq'],100000,0.8521126000014192,0.8728108620000057,0.948375700001634,N/A
1_p9_auto_countfrequency_strategy,"""How to count the frequency of the elements in an unordered list? The implementation should be fast as the size of the list grows. The implementation should be in a function named funcImp that takes a single list of integers as a parameter.""",5,['def funcImp(lst):\n    freq_dict = {}\n    for elem in lst:\n        if elem in freq_dict:\n            freq_dict[elem] += 1\n        else:\n            freq_dict[elem] = 1\n    return freq_dict'],1000,0.004501200000959216,0.004749780000020109,0.007181599998148158,N/A
1_p9_auto_countfrequency_strategy,"""How to count the frequency of the elements in an unordered list? The implementation should be fast as the size of the list grows. The implementation should be in a function named funcImp that takes a single list of integers as a parameter.""",5,['def funcImp(lst):\n    freq_dict = {}\n    for elem in lst:\n        if elem in freq_dict:\n            freq_dict[elem] += 1\n        else:\n            freq_dict[elem] = 1\n    return freq_dict'],10000,0.04951020000225981,0.0512127930000861,0.053938500001095235,N/A
1_p9_auto_countfrequency_strategy,"""How to count the frequency of the elements in an unordered list? The implementation should be fast as the size of the list grows. The implementation should be in a function named funcImp that takes a single list of integers as a parameter.""",5,['def funcImp(lst):\n    freq_dict = {}\n    for elem in lst:\n        if elem in freq_dict:\n            freq_dict[elem] += 1\n        else:\n            freq_dict[elem] = 1\n    return freq_dict'],100000,0.8554870999978448,0.8733014410000033,0.9311748999971314,N/A
1_p9_auto_countfrequency_strategy,"""How to count the frequency of the elements in an unordered list? The implementation should be fast as the size of the list grows. The implementation should be in a function named funcImp that takes a single list of integers as a parameter.""",6,['from collections import Counter\n\ndef funcImp(lst):\n    return Counter(lst)'],1000,0.0025306999996246304,0.0027122009999948206,0.003062599997065263,N/A
1_p9_auto_countfrequency_strategy,"""How to count the frequency of the elements in an unordered list? The implementation should be fast as the size of the list grows. The implementation should be in a function named funcImp that takes a single list of integers as a parameter.""",6,['from collections import Counter\n\ndef funcImp(lst):\n    return Counter(lst)'],10000,0.030624400002125185,0.031558533000170426,0.03424559999984922,N/A
1_p9_auto_countfrequency_strategy,"""How to count the frequency of the elements in an unordered list? The implementation should be fast as the size of the list grows. The implementation should be in a function named funcImp that takes a single list of integers as a parameter.""",6,['from collections import Counter\n\ndef funcImp(lst):\n    return Counter(lst)'],100000,0.632689300000493,0.64967231000006,0.6767859000028693,N/A
1_p9_auto_countfrequency_strategy,"""How to count the frequency of the elements in an unordered list? The implementation should be fast as the size of the list grows. The implementation should be in a function named funcImp that takes a single list of integers as a parameter.""",7,['from collections import Counter\n\ndef funcImp(lst):\n    counter = Counter(lst)\n    items = counter.most_common()\n    return items'],1000,0.004834600000322098,0.00519609600007243,0.005763900000602007,N/A
1_p9_auto_countfrequency_strategy,"""How to count the frequency of the elements in an unordered list? The implementation should be fast as the size of the list grows. The implementation should be in a function named funcImp that takes a single list of integers as a parameter.""",7,['from collections import Counter\n\ndef funcImp(lst):\n    counter = Counter(lst)\n    items = counter.most_common()\n    return items'],10000,0.06927109999742243,0.07603161799976078,0.09401300000172341,N/A
1_p9_auto_countfrequency_strategy,"""How to count the frequency of the elements in an unordered list? The implementation should be fast as the size of the list grows. The implementation should be in a function named funcImp that takes a single list of integers as a parameter.""",7,['from collections import Counter\n\ndef funcImp(lst):\n    counter = Counter(lst)\n    items = counter.most_common()\n    return items'],100000,1.174618199998804,1.2091728510000395,1.3833032000002277,N/A
1_p9_auto_countfrequency_strategy,"""How to count the frequency of the elements in an unordered list? The implementation should be fast as the size of the list grows. The implementation should be in a function named funcImp that takes a single list of integers as a parameter.""",8,['def funcImp(lst):\n    freq = {}\n    for x in lst:\n        if x in freq:\n            freq[x] += 1\n        else:\n            freq[x] = 1\n    return freq'],1000,0.004574200000206474,0.004769449999985227,0.0053743000025860965,N/A
1_p9_auto_countfrequency_strategy,"""How to count the frequency of the elements in an unordered list? The implementation should be fast as the size of the list grows. The implementation should be in a function named funcImp that takes a single list of integers as a parameter.""",8,['def funcImp(lst):\n    freq = {}\n    for x in lst:\n        if x in freq:\n            freq[x] += 1\n        else:\n            freq[x] = 1\n    return freq'],10000,0.05024539999794797,0.051309694000046875,0.05703999999968801,N/A
1_p9_auto_countfrequency_strategy,"""How to count the frequency of the elements in an unordered list? The implementation should be fast as the size of the list grows. The implementation should be in a function named funcImp that takes a single list of integers as a parameter.""",8,['def funcImp(lst):\n    freq = {}\n    for x in lst:\n        if x in freq:\n            freq[x] += 1\n        else:\n            freq[x] = 1\n    return freq'],100000,0.8455458999997063,0.8671982039996874,1.2189084999990882,N/A
1_p9_auto_countfrequency_strategy,"""How to count the frequency of the elements in an unordered list? The implementation should be fast as the size of the list grows. The implementation should be in a function named funcImp that takes a single list of integers as a parameter.""",9,['def funcImp(lst):\n    freq = {}\n    for ele in lst:\n        if ele in freq:\n            freq[ele] += 1\n        else:\n            freq[ele] = 1\n    return freq'],1000,0.004596399998263223,0.004839797999666189,0.007916800001112279,N/A
1_p9_auto_countfrequency_strategy,"""How to count the frequency of the elements in an unordered list? The implementation should be fast as the size of the list grows. The implementation should be in a function named funcImp that takes a single list of integers as a parameter.""",9,['def funcImp(lst):\n    freq = {}\n    for ele in lst:\n        if ele in freq:\n            freq[ele] += 1\n        else:\n            freq[ele] = 1\n    return freq'],10000,0.04992370000036317,0.051185705999851054,0.05419229999824893,N/A
1_p9_auto_countfrequency_strategy,"""How to count the frequency of the elements in an unordered list? The implementation should be fast as the size of the list grows. The implementation should be in a function named funcImp that takes a single list of integers as a parameter.""",9,['def funcImp(lst):\n    freq = {}\n    for ele in lst:\n        if ele in freq:\n            freq[ele] += 1\n        else:\n            freq[ele] = 1\n    return freq'],100000,0.846002900001622,0.866774069000021,0.9075969000004989,N/A
1_p9_auto_countfrequency_strategy,"""How to count the frequency of the elements in an unordered list? The implementation should be fast as the size of the list grows. The implementation should be in a function named funcImp that takes a single list of integers as a parameter.""",10,['from collections import Counter\n\ndef funcImp(lst):\n    return dict(Counter(lst))'],1000,0.0036686000021290965,0.004008766999941144,0.006055099998775404,N/A
1_p9_auto_countfrequency_strategy,"""How to count the frequency of the elements in an unordered list? The implementation should be fast as the size of the list grows. The implementation should be in a function named funcImp that takes a single list of integers as a parameter.""",10,['from collections import Counter\n\ndef funcImp(lst):\n    return dict(Counter(lst))'],10000,0.04630699999688659,0.04783441200001107,0.05754780000279425,N/A
1_p9_auto_countfrequency_strategy,"""How to count the frequency of the elements in an unordered list? The implementation should be fast as the size of the list grows. The implementation should be in a function named funcImp that takes a single list of integers as a parameter.""",10,['from collections import Counter\n\ndef funcImp(lst):\n    return dict(Counter(lst))'],100000,0.9352472999999009,1.0071825259998513,1.3988011999972514,N/A
2_p9_auto_countfrequency_strategy,"""How to count the frequency of the elements in an unordered list? The implementation should be in a function named funcImp that takes a single list of integers as a parameter.""",1,['def funcImp(lst):\n    freq = {}\n    for i in lst:\n        if i in freq:\n            freq[i] += 1\n        else:\n            freq[i] = 1\n    return freq'],1000,0.004559999997582054,0.004749648999968485,0.0052627000004576985,N/A
2_p9_auto_countfrequency_strategy,"""How to count the frequency of the elements in an unordered list? The implementation should be in a function named funcImp that takes a single list of integers as a parameter.""",1,['def funcImp(lst):\n    freq = {}\n    for i in lst:\n        if i in freq:\n            freq[i] += 1\n        else:\n            freq[i] = 1\n    return freq'],10000,0.04986070000086329,0.05157487499993294,0.06420580000121845,N/A
2_p9_auto_countfrequency_strategy,"""How to count the frequency of the elements in an unordered list? The implementation should be in a function named funcImp that takes a single list of integers as a parameter.""",1,['def funcImp(lst):\n    freq = {}\n    for i in lst:\n        if i in freq:\n            freq[i] += 1\n        else:\n            freq[i] = 1\n    return freq'],100000,0.8471355000001495,0.8705892690000474,0.9490484000016295,N/A
2_p9_auto_countfrequency_strategy,"""How to count the frequency of the elements in an unordered list? The implementation should be in a function named funcImp that takes a single list of integers as a parameter.""",2,['def funcImp(lst):\n    freq = {}\n    for i in lst:\n        if i in freq:\n            freq[i] += 1\n        else:\n            freq[i] = 1\n    return freq'],1000,0.004536000000371132,0.004814441000344232,0.006209200000739656,N/A
2_p9_auto_countfrequency_strategy,"""How to count the frequency of the elements in an unordered list? The implementation should be in a function named funcImp that takes a single list of integers as a parameter.""",2,['def funcImp(lst):\n    freq = {}\n    for i in lst:\n        if i in freq:\n            freq[i] += 1\n        else:\n            freq[i] = 1\n    return freq'],10000,0.04997630000070785,0.051490925000034625,0.057524499999999534,N/A
2_p9_auto_countfrequency_strategy,"""How to count the frequency of the elements in an unordered list? The implementation should be in a function named funcImp that takes a single list of integers as a parameter.""",2,['def funcImp(lst):\n    freq = {}\n    for i in lst:\n        if i in freq:\n            freq[i] += 1\n        else:\n            freq[i] = 1\n    return freq'],100000,0.8544264999982261,0.8731340189997718,0.9200662000002922,N/A
2_p9_auto_countfrequency_strategy,"""How to count the frequency of the elements in an unordered list? The implementation should be in a function named funcImp that takes a single list of integers as a parameter.""",3,['def funcImp(lst):\n    counter = {}\n    for num in lst:\n        if num in counter:\n            counter[num] += 1\n        else:\n            counter[num] = 1\n    return counter'],1000,0.004576999999699183,0.004771611000032863,0.005411499998444924,N/A
2_p9_auto_countfrequency_strategy,"""How to count the frequency of the elements in an unordered list? The implementation should be in a function named funcImp that takes a single list of integers as a parameter.""",3,['def funcImp(lst):\n    counter = {}\n    for num in lst:\n        if num in counter:\n            counter[num] += 1\n        else:\n            counter[num] = 1\n    return counter'],10000,0.04991439999866998,0.05141412799966929,0.055956899999728194,N/A
2_p9_auto_countfrequency_strategy,"""How to count the frequency of the elements in an unordered list? The implementation should be in a function named funcImp that takes a single list of integers as a parameter.""",3,['def funcImp(lst):\n    counter = {}\n    for num in lst:\n        if num in counter:\n            counter[num] += 1\n        else:\n            counter[num] = 1\n    return counter'],100000,0.8540753999986919,0.8757085269999152,0.9267773999999918,N/A
2_p9_auto_countfrequency_strategy,"""How to count the frequency of the elements in an unordered list? The implementation should be in a function named funcImp that takes a single list of integers as a parameter.""",4,['def funcImp(lst):\n    count_dict = {}\n    for el in lst:\n        if el in count_dict:\n            count_dict[el] += 1\n        else:\n            count_dict[el] = 1\n    return count_dict'],1000,0.004466599999432219,0.00473931000000448,0.005183400000532856,N/A
2_p9_auto_countfrequency_strategy,"""How to count the frequency of the elements in an unordered list? The implementation should be in a function named funcImp that takes a single list of integers as a parameter.""",4,['def funcImp(lst):\n    count_dict = {}\n    for el in lst:\n        if el in count_dict:\n            count_dict[el] += 1\n        else:\n            count_dict[el] = 1\n    return count_dict'],10000,0.050014699998428114,0.051224714000018136,0.05549600000085775,N/A
2_p9_auto_countfrequency_strategy,"""How to count the frequency of the elements in an unordered list? The implementation should be in a function named funcImp that takes a single list of integers as a parameter.""",4,['def funcImp(lst):\n    count_dict = {}\n    for el in lst:\n        if el in count_dict:\n            count_dict[el] += 1\n        else:\n            count_dict[el] = 1\n    return count_dict'],100000,0.8522419000000809,0.8764166810000097,0.9221906999991916,N/A
2_p9_auto_countfrequency_strategy,"""How to count the frequency of the elements in an unordered list? The implementation should be in a function named funcImp that takes a single list of integers as a parameter.""",5,['import collections\n\ndef funcImp(lst):\n    freq = collections.Counter(lst)\n    return freq'],1000,0.00254539999878034,0.0026976770000328542,0.0035983000016130973,N/A
2_p9_auto_countfrequency_strategy,"""How to count the frequency of the elements in an unordered list? The implementation should be in a function named funcImp that takes a single list of integers as a parameter.""",5,['import collections\n\ndef funcImp(lst):\n    freq = collections.Counter(lst)\n    return freq'],10000,0.030082100001891376,0.03138958500014269,0.0335056000003533,N/A
2_p9_auto_countfrequency_strategy,"""How to count the frequency of the elements in an unordered list? The implementation should be in a function named funcImp that takes a single list of integers as a parameter.""",5,['import collections\n\ndef funcImp(lst):\n    freq = collections.Counter(lst)\n    return freq'],100000,0.6292178999974567,0.6620890209999925,0.9646499000009499,N/A
2_p9_auto_countfrequency_strategy,"""How to count the frequency of the elements in an unordered list? The implementation should be in a function named funcImp that takes a single list of integers as a parameter.""",6,['def funcImp(lst):\n    freq_dict = {}\n    for i in lst:\n        if i in freq_dict:\n            freq_dict[i] += 1\n        else:\n            freq_dict[i] = 1\n    return freq_dict'],1000,0.004531400001724251,0.004749829999927897,0.005295700000715442,N/A
2_p9_auto_countfrequency_strategy,"""How to count the frequency of the elements in an unordered list? The implementation should be in a function named funcImp that takes a single list of integers as a parameter.""",6,['def funcImp(lst):\n    freq_dict = {}\n    for i in lst:\n        if i in freq_dict:\n            freq_dict[i] += 1\n        else:\n            freq_dict[i] = 1\n    return freq_dict'],10000,0.050350599998637335,0.051377926999994085,0.06419439999808674,N/A
2_p9_auto_countfrequency_strategy,"""How to count the frequency of the elements in an unordered list? The implementation should be in a function named funcImp that takes a single list of integers as a parameter.""",6,['def funcImp(lst):\n    freq_dict = {}\n    for i in lst:\n        if i in freq_dict:\n            freq_dict[i] += 1\n        else:\n            freq_dict[i] = 1\n    return freq_dict'],100000,0.8538963999999396,0.8699273759996867,0.9123247000025003,N/A
2_p9_auto_countfrequency_strategy,"""How to count the frequency of the elements in an unordered list? The implementation should be in a function named funcImp that takes a single list of integers as a parameter.""",7,['def funcImp(lst):\n    freq = {}\n    for item in lst:\n        if item in freq:\n            freq[item] += 1\n        else:\n            freq[item] = 1\n    return freq'],1000,0.004579100001137704,0.004770921000017552,0.005242700000962941,N/A
2_p9_auto_countfrequency_strategy,"""How to count the frequency of the elements in an unordered list? The implementation should be in a function named funcImp that takes a single list of integers as a parameter.""",7,['def funcImp(lst):\n    freq = {}\n    for item in lst:\n        if item in freq:\n            freq[item] += 1\n        else:\n            freq[item] = 1\n    return freq'],10000,0.050011999999696855,0.05146393099985289,0.05630119999841554,N/A
2_p9_auto_countfrequency_strategy,"""How to count the frequency of the elements in an unordered list? The implementation should be in a function named funcImp that takes a single list of integers as a parameter.""",7,['def funcImp(lst):\n    freq = {}\n    for item in lst:\n        if item in freq:\n            freq[item] += 1\n        else:\n            freq[item] = 1\n    return freq'],100000,0.8525297000014689,0.8687640500000998,0.906544199999189,N/A
2_p9_auto_countfrequency_strategy,"""How to count the frequency of the elements in an unordered list? The implementation should be in a function named funcImp that takes a single list of integers as a parameter.""",8,['def funcImp(lst):\n    freq_dict = {}\n    for num in lst:\n        if num in freq_dict:\n            freq_dict[num] += 1\n        else:\n            freq_dict[num] = 1\n    return freq_dict'],1000,0.004570900000544498,0.004747672999619681,0.005677000001014676,N/A
2_p9_auto_countfrequency_strategy,"""How to count the frequency of the elements in an unordered list? The implementation should be in a function named funcImp that takes a single list of integers as a parameter.""",8,['def funcImp(lst):\n    freq_dict = {}\n    for num in lst:\n        if num in freq_dict:\n            freq_dict[num] += 1\n        else:\n            freq_dict[num] = 1\n    return freq_dict'],10000,0.05009500000232947,0.05123105399987253,0.05571839999902295,N/A
2_p9_auto_countfrequency_strategy,"""How to count the frequency of the elements in an unordered list? The implementation should be in a function named funcImp that takes a single list of integers as a parameter.""",8,['def funcImp(lst):\n    freq_dict = {}\n    for num in lst:\n        if num in freq_dict:\n            freq_dict[num] += 1\n        else:\n            freq_dict[num] = 1\n    return freq_dict'],100000,0.8511459000001196,0.8698406140000589,0.9173263000011502,N/A
2_p9_auto_countfrequency_strategy,"""How to count the frequency of the elements in an unordered list? The implementation should be in a function named funcImp that takes a single list of integers as a parameter.""",9,['def funcImp(lst):\n    freq_dict = {}\n    for elem in lst:\n        if elem in freq_dict:\n            freq_dict[elem] += 1\n        else:\n            freq_dict[elem] = 1\n    return freq_dict'],1000,0.004632800002582371,0.004812005000021599,0.005931700001383433,N/A
2_p9_auto_countfrequency_strategy,"""How to count the frequency of the elements in an unordered list? The implementation should be in a function named funcImp that takes a single list of integers as a parameter.""",9,['def funcImp(lst):\n    freq_dict = {}\n    for elem in lst:\n        if elem in freq_dict:\n            freq_dict[elem] += 1\n        else:\n            freq_dict[elem] = 1\n    return freq_dict'],10000,0.04930890000105137,0.051221586000174284,0.056573599998955615,N/A
2_p9_auto_countfrequency_strategy,"""How to count the frequency of the elements in an unordered list? The implementation should be in a function named funcImp that takes a single list of integers as a parameter.""",9,['def funcImp(lst):\n    freq_dict = {}\n    for elem in lst:\n        if elem in freq_dict:\n            freq_dict[elem] += 1\n        else:\n            freq_dict[elem] = 1\n    return freq_dict'],100000,0.8491786000013235,0.8716243820001546,0.8943834000019706,N/A
2_p9_auto_countfrequency_strategy,"""How to count the frequency of the elements in an unordered list? The implementation should be in a function named funcImp that takes a single list of integers as a parameter.""",10,['def funcImp(lst):\n    freq = {}\n    for item in lst:\n        if item in freq:\n            freq[item] += 1\n        else:\n            freq[item] = 1\n    return freq'],1000,0.004541999998764368,0.0047845259998211985,0.006011999998008832,N/A
2_p9_auto_countfrequency_strategy,"""How to count the frequency of the elements in an unordered list? The implementation should be in a function named funcImp that takes a single list of integers as a parameter.""",10,['def funcImp(lst):\n    freq = {}\n    for item in lst:\n        if item in freq:\n            freq[item] += 1\n        else:\n            freq[item] = 1\n    return freq'],10000,0.05015110000022105,0.051505418999731774,0.055002700002660276,N/A
2_p9_auto_countfrequency_strategy,"""How to count the frequency of the elements in an unordered list? The implementation should be in a function named funcImp that takes a single list of integers as a parameter.""",10,['def funcImp(lst):\n    freq = {}\n    for item in lst:\n        if item in freq:\n            freq[item] += 1\n        else:\n            freq[item] = 1\n    return freq'],100000,0.8571226999993087,0.8730687149998994,0.9443719000009878,N/A
3_p9_auto_countfrequency_strategy,"""How to count the frequency of the elements in an unordered list? The implementation should have the most optimal time complexity possible. The implementation should be in a function named funcImp that takes a single list of integers as a parameter.""",1,['from collections import Counter\n\ndef funcImp(lst):\n    return Counter(lst)'],1000,0.002488199999788776,0.002701127000291308,0.0029648000017914455,N/A
3_p9_auto_countfrequency_strategy,"""How to count the frequency of the elements in an unordered list? The implementation should have the most optimal time complexity possible. The implementation should be in a function named funcImp that takes a single list of integers as a parameter.""",1,['from collections import Counter\n\ndef funcImp(lst):\n    return Counter(lst)'],10000,0.030227600000216626,0.031698405999995884,0.038739699997677235,N/A
3_p9_auto_countfrequency_strategy,"""How to count the frequency of the elements in an unordered list? The implementation should have the most optimal time complexity possible. The implementation should be in a function named funcImp that takes a single list of integers as a parameter.""",1,['from collections import Counter\n\ndef funcImp(lst):\n    return Counter(lst)'],100000,0.6387176999996882,0.6520449489999737,0.686830499998905,N/A
3_p9_auto_countfrequency_strategy,"""How to count the frequency of the elements in an unordered list? The implementation should have the most optimal time complexity possible. The implementation should be in a function named funcImp that takes a single list of integers as a parameter.""",2,['def funcImp(lst):\n    freq = {}\n    for x in lst:\n        if x in freq:\n            freq[x] += 1\n        else:\n            freq[x] = 1\n    return freq'],1000,0.004585999999108026,0.004762293000239879,0.005042699998739408,N/A
3_p9_auto_countfrequency_strategy,"""How to count the frequency of the elements in an unordered list? The implementation should have the most optimal time complexity possible. The implementation should be in a function named funcImp that takes a single list of integers as a parameter.""",2,['def funcImp(lst):\n    freq = {}\n    for x in lst:\n        if x in freq:\n            freq[x] += 1\n        else:\n            freq[x] = 1\n    return freq'],10000,0.050169199999800185,0.05121481099973607,0.05431020000105491,N/A
3_p9_auto_countfrequency_strategy,"""How to count the frequency of the elements in an unordered list? The implementation should have the most optimal time complexity possible. The implementation should be in a function named funcImp that takes a single list of integers as a parameter.""",2,['def funcImp(lst):\n    freq = {}\n    for x in lst:\n        if x in freq:\n            freq[x] += 1\n        else:\n            freq[x] = 1\n    return freq'],100000,0.8516348999983165,0.8731324179998774,0.9156980000007025,N/A
3_p9_auto_countfrequency_strategy,"""How to count the frequency of the elements in an unordered list? The implementation should have the most optimal time complexity possible. The implementation should be in a function named funcImp that takes a single list of integers as a parameter.""",3,['def funcImp(lst):\n    freq = {}\n    for num in lst:\n        if num in freq:\n            freq[num] += 1\n        else:\n            freq[num] = 1\n    return freq'],1000,0.004603399996994995,0.004836956999715767,0.006978699999308446,N/A
3_p9_auto_countfrequency_strategy,"""How to count the frequency of the elements in an unordered list? The implementation should have the most optimal time complexity possible. The implementation should be in a function named funcImp that takes a single list of integers as a parameter.""",3,['def funcImp(lst):\n    freq = {}\n    for num in lst:\n        if num in freq:\n            freq[num] += 1\n        else:\n            freq[num] = 1\n    return freq'],10000,0.04977330000110669,0.05154751900015981,0.05705180000222754,N/A
3_p9_auto_countfrequency_strategy,"""How to count the frequency of the elements in an unordered list? The implementation should have the most optimal time complexity possible. The implementation should be in a function named funcImp that takes a single list of integers as a parameter.""",3,['def funcImp(lst):\n    freq = {}\n    for num in lst:\n        if num in freq:\n            freq[num] += 1\n        else:\n            freq[num] = 1\n    return freq'],100000,0.8584601000002294,0.8831442610001613,1.231495600000926,N/A
3_p9_auto_countfrequency_strategy,"""How to count the frequency of the elements in an unordered list? The implementation should have the most optimal time complexity possible. The implementation should be in a function named funcImp that takes a single list of integers as a parameter.""",4,['def funcImp(lst):\n    freq = {}\n    for i in lst:\n        if i in freq:\n            freq[i] += 1\n        else:\n            freq[i] = 1\n    return freq'],1000,0.004593999998178333,0.004777994000069157,0.005348200000298675,N/A
3_p9_auto_countfrequency_strategy,"""How to count the frequency of the elements in an unordered list? The implementation should have the most optimal time complexity possible. The implementation should be in a function named funcImp that takes a single list of integers as a parameter.""",4,['def funcImp(lst):\n    freq = {}\n    for i in lst:\n        if i in freq:\n            freq[i] += 1\n        else:\n            freq[i] = 1\n    return freq'],10000,0.05022060000192141,0.05242333699981828,0.06872010000006412,N/A
3_p9_auto_countfrequency_strategy,"""How to count the frequency of the elements in an unordered list? The implementation should have the most optimal time complexity possible. The implementation should be in a function named funcImp that takes a single list of integers as a parameter.""",4,['def funcImp(lst):\n    freq = {}\n    for i in lst:\n        if i in freq:\n            freq[i] += 1\n        else:\n            freq[i] = 1\n    return freq'],100000,0.8503548000007868,0.8725456189999022,0.8930383999977494,N/A
3_p9_auto_countfrequency_strategy,"""How to count the frequency of the elements in an unordered list? The implementation should have the most optimal time complexity possible. The implementation should be in a function named funcImp that takes a single list of integers as a parameter.""",5,['def funcImp(lst):\n    freq = {}\n    for ele in lst:\n        if ele in freq:\n            freq[ele] += 1\n        else:\n            freq[ele] = 1\n    return freq'],1000,0.004591299999447074,0.004793646000071022,0.005680700000084471,N/A
3_p9_auto_countfrequency_strategy,"""How to count the frequency of the elements in an unordered list? The implementation should have the most optimal time complexity possible. The implementation should be in a function named funcImp that takes a single list of integers as a parameter.""",5,['def funcImp(lst):\n    freq = {}\n    for ele in lst:\n        if ele in freq:\n            freq[ele] += 1\n        else:\n            freq[ele] = 1\n    return freq'],10000,0.04988089999824297,0.0513607349997983,0.055032499996741535,N/A
3_p9_auto_countfrequency_strategy,"""How to count the frequency of the elements in an unordered list? The implementation should have the most optimal time complexity possible. The implementation should be in a function named funcImp that takes a single list of integers as a parameter.""",5,['def funcImp(lst):\n    freq = {}\n    for ele in lst:\n        if ele in freq:\n            freq[ele] += 1\n        else:\n            freq[ele] = 1\n    return freq'],100000,0.8437945999976364,0.8688900350000404,0.89851439999984,N/A
3_p9_auto_countfrequency_strategy,"""How to count the frequency of the elements in an unordered list? The implementation should have the most optimal time complexity possible. The implementation should be in a function named funcImp that takes a single list of integers as a parameter.""",6,['def funcImp(lst):\n    freq = {}\n    for elem in lst:\n        if elem in freq:\n            freq[elem] += 1\n        else:\n            freq[elem] = 1\n    return freq'],1000,0.004546399999526329,0.0047495140001410615,0.005378500001825159,N/A
3_p9_auto_countfrequency_strategy,"""How to count the frequency of the elements in an unordered list? The implementation should have the most optimal time complexity possible. The implementation should be in a function named funcImp that takes a single list of integers as a parameter.""",6,['def funcImp(lst):\n    freq = {}\n    for elem in lst:\n        if elem in freq:\n            freq[elem] += 1\n        else:\n            freq[elem] = 1\n    return freq'],10000,0.04988940000112052,0.05091070900016348,0.05172179999863147,N/A
3_p9_auto_countfrequency_strategy,"""How to count the frequency of the elements in an unordered list? The implementation should have the most optimal time complexity possible. The implementation should be in a function named funcImp that takes a single list of integers as a parameter.""",6,['def funcImp(lst):\n    freq = {}\n    for elem in lst:\n        if elem in freq:\n            freq[elem] += 1\n        else:\n            freq[elem] = 1\n    return freq'],100000,0.8450262999976985,0.8721459929998673,0.9060990999969363,N/A
3_p9_auto_countfrequency_strategy,"""How to count the frequency of the elements in an unordered list? The implementation should have the most optimal time complexity possible. The implementation should be in a function named funcImp that takes a single list of integers as a parameter.""",7,['def funcImp(lst):\n    freq = {}\n    for num in lst:\n        if num in freq:\n            freq[num] += 1\n        else:\n            freq[num] = 1\n    return freq'],1000,0.004550499998003943,0.0047762689999945,0.0056191000003309455,N/A
3_p9_auto_countfrequency_strategy,"""How to count the frequency of the elements in an unordered list? The implementation should have the most optimal time complexity possible. The implementation should be in a function named funcImp that takes a single list of integers as a parameter.""",7,['def funcImp(lst):\n    freq = {}\n    for num in lst:\n        if num in freq:\n            freq[num] += 1\n        else:\n            freq[num] = 1\n    return freq'],10000,0.050270300002011936,0.05146706699983042,0.058122200000070734,N/A
3_p9_auto_countfrequency_strategy,"""How to count the frequency of the elements in an unordered list? The implementation should have the most optimal time complexity possible. The implementation should be in a function named funcImp that takes a single list of integers as a parameter.""",7,['def funcImp(lst):\n    freq = {}\n    for num in lst:\n        if num in freq:\n            freq[num] += 1\n        else:\n            freq[num] = 1\n    return freq'],100000,0.8506634000004851,0.872109871999819,0.9087483000002976,N/A
3_p9_auto_countfrequency_strategy,"""How to count the frequency of the elements in an unordered list? The implementation should have the most optimal time complexity possible. The implementation should be in a function named funcImp that takes a single list of integers as a parameter.""",8,['def funcImp(lst):\n    counts = {}\n    for elem in lst:\n        if elem in counts:\n            counts[elem] += 1\n        else:\n            counts[elem] = 1\n    return counts'],1000,0.004614900000888156,0.004793676000044798,0.005432299996755319,N/A
3_p9_auto_countfrequency_strategy,"""How to count the frequency of the elements in an unordered list? The implementation should have the most optimal time complexity possible. The implementation should be in a function named funcImp that takes a single list of integers as a parameter.""",8,['def funcImp(lst):\n    counts = {}\n    for elem in lst:\n        if elem in counts:\n            counts[elem] += 1\n        else:\n            counts[elem] = 1\n    return counts'],10000,0.05075429999851622,0.05193687200004206,0.05459540000083507,N/A
3_p9_auto_countfrequency_strategy,"""How to count the frequency of the elements in an unordered list? The implementation should have the most optimal time complexity possible. The implementation should be in a function named funcImp that takes a single list of integers as a parameter.""",8,['def funcImp(lst):\n    counts = {}\n    for elem in lst:\n        if elem in counts:\n            counts[elem] += 1\n        else:\n            counts[elem] = 1\n    return counts'],100000,0.8491886000010709,0.871729635000047,0.9150659000006272,N/A
3_p9_auto_countfrequency_strategy,"""How to count the frequency of the elements in an unordered list? The implementation should have the most optimal time complexity possible. The implementation should be in a function named funcImp that takes a single list of integers as a parameter.""",9,"['def funcImp(arr):\n    freqDict = {}\n    for num in arr:\n        freqDict[num] = freqDict.get(num, 0) + 1\n    return freqDict']",1000,0.005985199997667223,0.006147933999782254,0.006627999999182066,N/A
3_p9_auto_countfrequency_strategy,"""How to count the frequency of the elements in an unordered list? The implementation should have the most optimal time complexity possible. The implementation should be in a function named funcImp that takes a single list of integers as a parameter.""",9,"['def funcImp(arr):\n    freqDict = {}\n    for num in arr:\n        freqDict[num] = freqDict.get(num, 0) + 1\n    return freqDict']",10000,0.06295789999785484,0.06453914399997301,0.06848430000172812,N/A
3_p9_auto_countfrequency_strategy,"""How to count the frequency of the elements in an unordered list? The implementation should have the most optimal time complexity possible. The implementation should be in a function named funcImp that takes a single list of integers as a parameter.""",9,"['def funcImp(arr):\n    freqDict = {}\n    for num in arr:\n        freqDict[num] = freqDict.get(num, 0) + 1\n    return freqDict']",100000,0.9721322000004875,1.0040326540001479,1.1735933000018122,N/A
3_p9_auto_countfrequency_strategy,"""How to count the frequency of the elements in an unordered list? The implementation should have the most optimal time complexity possible. The implementation should be in a function named funcImp that takes a single list of integers as a parameter.""",10,['def funcImp(lst):\n    freq = {}\n    for num in lst:\n        if num in freq:\n            freq[num] += 1\n        else:\n            freq[num] = 1\n    return freq'],1000,0.004428400003234856,0.004752821000365657,0.006569999997736886,N/A
3_p9_auto_countfrequency_strategy,"""How to count the frequency of the elements in an unordered list? The implementation should have the most optimal time complexity possible. The implementation should be in a function named funcImp that takes a single list of integers as a parameter.""",10,['def funcImp(lst):\n    freq = {}\n    for num in lst:\n        if num in freq:\n            freq[num] += 1\n        else:\n            freq[num] = 1\n    return freq'],10000,0.0495245000020077,0.05091628900034266,0.05283649999910267,N/A
3_p9_auto_countfrequency_strategy,"""How to count the frequency of the elements in an unordered list? The implementation should have the most optimal time complexity possible. The implementation should be in a function named funcImp that takes a single list of integers as a parameter.""",10,['def funcImp(lst):\n    freq = {}\n    for num in lst:\n        if num in freq:\n            freq[num] += 1\n        else:\n            freq[num] = 1\n    return freq'],100000,0.8460500000001048,0.8745546690000264,0.9101996000026702,N/A
